Id;Nome;DataDeNascimento;Empresa;Departamento;Salario
642470;Maurice Hernandez;05/02/1989;Cooper-Burke;Procurement;50192.5
874536;James Guerra;06/03/1987;Campbell, Ramos and Nelson;Distribution;24505.5
185472;Bryan Jones PhD;27/02/2016;Johnson Group;Corporate Governance;74694.66
41070;Barbara Cardenas;07/08/2015;Edwards LLC;Research and Development;18345.78
484253;Thomas Fitzpatrick;19/01/1950;Gill PLC;Information Services;48631.4
803284;Anthony Stone;11/08/1932;Keith, Morales and Dixon;Research and Development;54132.75
302034;Michael Forbes;07/11/2015;Jones-Parrish;Facilities Management;31595.13
390163;Jacob Oconnor;25/11/1943;Hernandez, Morris and Lloyd;Public Relations;75392.51
260595;John Coffey;01/07/1983;Schroeder-Schultz;Infrastructure Management;21279.96
702356;Deborah Johnson;13/10/1942;Jones, Mcguire and Garza;Employee Wellness;19992.09
391609;Laura Ramirez;17/06/1934;Rodgers, Miller and Johnson;Engineering;53943.46
438902;Lisa Golden;26/07/1940;Kelly, Norton and Cummings;Marketing;85523.4
514935;Angela Todd;24/03/2008;Davis, Douglas and Hutchinson;Innovation;64988.68
332608;Phillip Palmer;16/07/1942;Davis LLC;Administration;43996.05
253646;Cody Proctor;02/01/2000;Hicks Group;Customer Success;19712.28
397898;Jennifer Wells;13/12/1982;Harris, Davis and Lopez;Manufacturing;84890.25
616540;Dustin Smith;19/03/1914;Christian, Owens and Hahn;Audit and Assurance;9024.72
670892;Jennifer Tucker;13/05/1942;Perez LLC;Operations;46389.67
471655;James Anderson;28/05/1982;Cantrell, Estrada and Zimmerman;Community Relations;81551.4
985952;Sarah Figueroa;18/07/1926;Sampson, Jackson and Manning;Corporate Communications;37943.03
713589;Bernard Lee;10/04/2004;Barajas-Harris;Manufacturing;66334.07
403552;Christopher Wilson;26/07/1999;Daniels, Costa and West;Taxation;24504.18
314604;Debra Hudson;09/01/1967;Park, Lynch and Duarte;Customer Success;52582.43
404355;Travis Lang;11/08/1964;Steele Ltd;Marketing;82307.31
991493;Annette Miller;08/10/2002;Pierce PLC;Facilities Maintenance;41441.38
587282;Stacey Burns;31/05/1931;Vaughan-Brown;Training and Education;21074.78
391461;Charles Fuller;19/07/1950;Klein Ltd;Customer Success;41504.65
728355;Kelly Brown;01/05/1935;Lopez PLC;Internal Audit;41008.74
329089;Nicole Alexander;20/08/1963;Goodman-Williams;Event Management;56153.32
934663;Jennifer Barrett;14/09/2020;Thornton, Hardin and Rich;Health and Safety;20749.6
654186;Melissa Woodward;15/04/1942;Miller-Bell;Brand Development;39463.93
254473;Mr. Seth Beck PhD;16/03/1908;Lowe Ltd;Sales;15815.45
483936;Dennis Martinez;19/03/1941;Rodriguez and Sons;Procurement;35340.7
261735;Scott Moore;08/01/1991;Pittman and Sons;Innovation;51426.15
310573;Sharon Roman;07/06/2019;Torres, Harris and Bell;Legal Affairs;39381.98
316387;Mr. Brian Green DDS;23/03/1959;Johnson-Conner;Corporate Governance;80919.3
218554;Seth Harris;12/07/1946;Jackson-Eaton;Treasury;4434.68
543966;Stephanie Collins;04/07/1923;Peterson Ltd;Product Launch;72343.93
497176;Jacob Gordon;24/10/1977;Byrd Group;Business Process Improvement;27495.21
720518;Samuel Wilson;19/03/2020;Hardy LLC;Business Intelligence;43895.74
489810;Amy Gill;30/06/2004;Stevenson, Brooks and Lewis;Corporate Communications;13326.99
409543;Daniel Greer;04/12/2022;Richards-Dudley;Logistics;6438.37
562209;Clifford Wagner;13/06/1941;Holloway-Alvarado;Advertising;54456.7
800869;Barry Conway;01/06/1944;Wyatt, Thomas and Smith;Corporate Training;64391.87
209347;John Ali;03/01/2023;Rodriguez, Taylor and Villegas;Technical Support;47442.59
111697;Ethan Cruz;08/11/2014;Welch Group;Corporate Communications;11785.66
555093;Stacie Marsh;12/08/1953;Alvarez PLC;Hardware Development;12638.1
741902;Tom Petty;21/12/1970;Acosta LLC;Information Services;31972.74
885352;Linda Anderson;21/03/2013;Hill-Suarez;Strategic Planning;23259.99
795148;Aaron Carey;19/02/2000;Glenn, Harrington and Young;Customer Experience;36201.77
239035;Kristine Vaughn;14/04/1921;Duncan and Sons;Project Management;10564.93
990001;Cindy Allen;16/04/1936;Morris Group;Corporate Events;87018.56
746377;Dustin Dawson;09/08/1999;Knight, Doyle and Williams;Innovation;79788.29
376210;Thomas Bryan;14/03/1987;Foster, Lee and Cooley;Legal;61487.91
432411;William Villarreal;27/02/2014;Alexander and Sons;International Operations;84976.02
147791;Brandon Gordon;12/02/1999;Holland Group;Contracts Management;21337.56
173411;Ronald Burton;11/08/1977;Wheeler, Day and Dominguez;Supply Chain;7643.86
885898;Brenda Hall;29/01/1955;Ford and Sons;Public Relations;63552.9
376164;Marc Duncan;12/04/1939;Colon, Lopez and Evans;Corporate Social Responsibility;80376.4
486500;Trevor Garcia;26/08/1987;Lyons PLC;Hardware Development;20877.25
275520;Cheryl Young;24/11/1980;Dixon-Lane;Warehouse Management;53132.96
462936;Brett Miller;06/06/1915;Martinez Group;Network Administration;38685.71
857161;Gary Hall;15/12/1922;Todd Ltd;Network Administration;65444.21
456663;Ann Butler;04/12/1943;Lee, Cruz and Lawson;Executive Office;3051.12
614876;Miguel Johnson;05/02/2002;Bryan and Sons;Investor Relations;50967.76
271902;Elizabeth Hensley;20/12/1959;Fritz LLC;Enterprise Architecture;44911.53
663176;John Rogers;24/09/1908;Banks Inc;Business Continuity;18871.75
18503;Amanda Farrell;25/12/1985;Barnett-Mitchell;Corporate Governance;65809.42
918988;Joseph Griffith;03/05/1984;Love-Ruiz;Office Management;46166.75
367329;Heidi Potter;03/06/1927;Hunt, Walker and Rose;Cybersecurity;38932.56
548113;Caitlin Moreno;27/10/1929;Cole, Lewis and Curtis;Business Continuity;79429.64
264232;Matthew Johnson;10/02/1943;Chapman Group;Data Management;10902.03
743925;John Campos;10/07/1912;Chang, Rivas and Berg;Administration;76287.98
917182;Alyssa Norton;09/10/2015;Arroyo, Hoffman and Davis;Distribution;26201.17
617564;Melissa Russell;14/02/1952;Gomez, Stewart and Martin;Financial Planning;85810.71
532676;Kathryn Warren;08/02/1986;Frazier-Clark;Public Affairs;29525.62
882850;Cynthia Arellano;06/06/1932;Mooney, Martin and Smith;Corporate Governance;45902.42
798887;Joseph Sutton;17/12/1995;Bolton-Love;Data Management;58508.55
276364;Donna Santos;05/11/1967;Williams, Kelley and Reynolds;Sales Operations;31636.22
788506;Stephanie Brown;19/08/2008;Gonzalez-Ingram;Contracts Management;63850.47
288536;Brenda Jones;28/11/2020;Sampson-Hartman;Facilities Maintenance;68180.88
266227;Travis Wise;08/09/2008;Fuller, Lynn and Gomez;Customer Support;36728.0
654667;Christopher Sullivan;13/12/1947;Norris Ltd;Facilities Maintenance;42699.34
102068;Cynthia Rivera;17/11/1987;Fry, Bowman and Novak;Regulatory Affairs;28373.36
269675;Michele Garcia MD;18/06/1941;Mathis, Jackson and Nelson;Corporate Strategy;57313.79
217155;Justin Lee;08/01/1997;Smith and Sons;Data Analytics;3418.12
452270;Gina Hernandez;16/11/1979;Brown-Romero;Information Technology;10484.87
214731;Henry Smith;20/02/1928;Johnson Inc;Brand Development;37981.91
795192;Shannon Flores;06/04/1996;Blake-Houston;Office Management;11671.8
612461;Michelle Lindsey;05/05/2013;Phillips PLC;Corporate Events;45392.16
515458;Jennifer Hubbard;10/11/1923;Adams, Lowe and Holden;Credit and Collections;67860.82
336587;Leslie Simmons;05/06/1965;Carrillo, Mckee and Patterson;Health and Safety;54683.64
732235;Charles Ramos;15/09/1953;Orozco-Mendez;Purchasing;20694.28
54419;Donna Hunt;23/11/1994;Malone, Murphy and Williams;Information Security;70827.51
777449;Joseph Jones;15/03/2017;Adams, Reynolds and Becker;Office Management;69398.33
17437;Philip Barajas;05/09/2018;Russell-Cummings;Accounting;4114.8
255884;Mr. Marvin White;31/12/1986;Frank-Morton;Customer Support;21237.49
545204;Alexandra Johnson;30/11/1993;Miller-Carson;Health and Safety;81326.29
902043;Michael Oliver;22/04/1967;Brown Inc;Public Affairs;62697.74
347197;Jason Duran;05/10/1995;Thompson LLC;Environmental Health and Safety;87058.68
968247;Krystal Davis;10/05/1942;Hahn-Smith;International Business;54207.64
351351;Michael Rios;08/10/2015;Chan, Evans and Huerta;Infrastructure Management;55350.28
93907;Peter Sanchez;21/12/2009;Gonzalez, Petersen and Mills;Finance;1404.91
875511;Shelby Mendoza MD;05/08/1948;Martin-Perkins;Customer Success;76133.62
304588;Laura Hunt;26/06/1933;Weiss, Myers and Velazquez;Corporate Communications;42638.37
824544;Ryan Richardson;18/06/1928;Jones-Richards;Marketing;45138.98
548983;Natalie Munoz;09/12/2019;Stevenson and Sons;Operations;9092.29
247785;Amy Anderson;29/07/1989;Arroyo-Burton;Risk Management;55104.14
867581;Jonathan Mcdonald;20/02/1942;Johnson-Allen;Facilities Management;13270.75
785320;Hailey Sharp;10/04/1988;Sellers Group;Administration;16363.9
990032;Sean Anderson;19/05/1920;Smith PLC;Customer Support;67404.65
639943;Mrs. Mallory Davis;18/02/2009;Wells-Davies;Facilities Management;14445.46
679754;Ashley Young;15/04/1908;Smith, Jackson and Owens;Corporate Training;10892.77
365402;Stephanie Lee;03/03/1981;Davis and Sons;Legal;75589.77
977954;Emily Garrison;19/03/1920;Moore PLC;Purchasing;60138.79
50513;Christina Stone;17/11/1915;Webb-Jenkins;Project Management;48191.1
905002;Morgan Brown;11/03/1937;Allen-Jordan;Business Development;55748.17
658908;Patricia Wright;29/12/1948;Smith-Morales;Employee Relations;9450.79
482531;Kurt Hall;15/12/1957;Mays, Nelson and Sanchez;Human Resources;62978.11
625512;Alex Franklin;18/03/1988;Thornton Ltd;Taxation;13886.78
74803;Dorothy Mckenzie;24/03/1979;Davila, Gibson and Mullins;Administration;44560.32
168315;Samuel Cole;12/02/2016;Nelson-Williams;Hardware Development;66962.09
137022;Kathleen Rich;26/12/2019;Meyer Inc;Cybersecurity;60508.88
947648;Kelly Mccullough;04/03/1913;Stone, Owen and Barrett;Internal Audit;8267.45
890907;Chelsea Williams;13/03/1996;Wells-Stevens;Public Affairs;83836.97
481548;Amanda Ward;26/05/1977;Perez-Patterson;Product Management;6545.47
76063;Scott Herrera;10/03/1987;Morrison-Newton;Enterprise Risk Management;42766.74
562487;Richard Lara;15/12/1921;Cook and Sons;Corporate Governance;44505.0
445402;Kristi Rasmussen;22/01/1937;Moss, Rivera and Leach;Market Expansion;67686.06
781721;Keith Weeks;01/12/1976;Adams-Fox;Technical Support;11984.48
943435;Drew Rhodes;23/05/1966;Anderson, Simmons and Jenkins;Business Process Improvement;24219.76
71049;Patricia Castro;23/03/1979;Collins-Dixon;Sales;61347.29
267867;Justin White;10/05/1972;Wilson-Parker;Purchasing;81331.66
679482;James Rowe;31/01/2005;Lee-Price;Employment Services;31180.29
118328;Frances Young;23/08/1960;Johnson Inc;Business Continuity;8800.74
933989;Kristen Lowe;27/09/1969;Gonzalez PLC;Strategic Partnerships;80717.88
263608;Jared Lee;15/12/1964;Sherman-Williams;Finance;32416.03
856473;Ann Cohen;30/05/1909;Ortiz-Goodwin;Taxation;57499.34
128702;Jeffrey Mitchell;05/11/1957;Greene Group;Investment Management;64438.21
952165;David Jensen;29/03/1953;Lang, Barnes and Hill;Policy and Planning;16199.0
394396;Heidi Moore;04/09/1922;Miller, Ferguson and Curtis;Technical Support;85364.48
36674;Melinda Walters;17/06/1965;Hernandez-West;Taxation;28287.63
280041;Theresa Rodriguez;18/01/1958;Price, Jackson and Walker;Risk Management;38707.52
903641;Jacob Diaz;12/10/2022;Cox-Hayes;Network Administration;43425.55
953783;Nicholas Butler;23/04/1941;Warner-Chavez;Market Research;56295.6
703716;Justin Harrington;28/02/1993;Gardner, Schmidt and May;Operations;35467.08
557496;Jesus Mullen;06/02/1922;Woodward-Vaughn;Business Intelligence;52986.81
59670;James Gibbs;04/11/2009;Shelton-Tran;International Operations;76806.66
704943;George Miller;25/02/1937;Robinson-Lee;Executive Office;80877.67
771477;Robert Johnson;21/01/1938;Johnson, Mendoza and Crawford;Data Management;37173.3
942878;Stacy Lopez;04/07/1944;Smith Group;Supply Chain;84005.95
771014;Kevin Hartman;23/02/1917;Shepard, Nguyen and Morales;Business Intelligence;48503.49
780639;Gabriel Bray;16/04/2017;Berg and Sons;Brand Management;50680.21
472844;Destiny Scott;19/07/1917;Jackson-Reynolds;Engineering;79814.67
264142;Dr. Lori Galvan;30/04/1918;Villanueva, Ross and Russell;Corporate Development;78969.42
582372;Amanda Robertson;30/07/1971;Hammond, Willis and Lloyd;Business Process Improvement;5878.19
918080;Tammy Lopez;30/10/1916;Hernandez-Andrade;Sales;58973.87
446127;Michael Mckay MD;13/12/1970;Thomas-Pratt;Contracts Management;36372.96
769201;Logan Newman;11/02/2014;Moore-Allen;Research and Innovation;67818.59
924363;David Pearson;23/12/1981;Daniel Group;Legal;17097.15
38348;Holly Navarro;15/06/1927;Holloway-Gonzalez;Regulatory Affairs;53911.51
689143;Scott Dalton;05/07/1958;Davis, Wyatt and Esparza;International Business;53068.74
191418;Carrie Rivera;22/09/1962;Howell, Sloan and Durham;Network Administration;7439.38
811076;Rachel Odonnell;28/11/1988;York, Hernandez and Johnson;Network Administration;84662.88
160182;Amanda Krause;09/07/1983;Chapman, Lee and York;Information Technology;20987.29
885187;Angela Foley;26/04/1953;Martinez PLC;Product Management;83793.21
345168;Janet Burton;17/05/1943;Alvarez, Marquez and Richards;Corporate Development;56219.42
361397;Patrick Wood;22/10/1997;Peterson-Chavez;Corporate Affairs;69595.22
483585;Dr. Brittany Johnson MD;18/05/1952;Johnson-Gonzalez;Logistics;22734.05
488373;April Bell;03/03/1974;Snyder-Hendrix;Risk Management;77016.88
314431;Jason Allen;14/02/1991;Huerta Ltd;Advertising;61742.68
951043;Javier Chen;27/06/1917;Hudson Inc;Policy and Planning;32582.95
676347;Robin Barnes;22/01/1972;Obrien Group;Enterprise Risk Management;23292.22
602547;Vincent Griffin;12/01/1998;Schultz Inc;Regulatory Affairs;29866.02
77811;Richard Gomez;12/04/1984;Gardner Group;Operations;22817.36
369506;Timothy Ortiz;09/03/2009;Williams-Martin;Corporate Governance;9231.31
998468;Lori Marshall;30/01/1972;Fuentes Inc;Facilities Management;52304.96
49067;Janice Wagner;25/01/1939;Johnson LLC;Procurement;42803.26
927005;Dr. Larry Casey;24/02/1934;Silva, Ward and Wyatt;Strategic Planning;11457.41
483170;Marie Ibarra;07/05/2014;Sparks, Kim and Gardner;Manufacturing;63794.62
924067;Amanda Vincent;30/07/1986;Thompson, Guerra and Doyle;Regulatory Affairs;35820.77
510263;Brian Moore;25/12/1932;Reid and Sons;Brand Management;5492.71
522053;Jessica Craig;25/06/1952;Hickman, Frost and Armstrong;Corporate Strategy;60088.84
534202;Corey Velazquez;31/10/1944;Thompson, Smith and Dunn;Database Management;84552.63
339120;Henry Campbell;27/05/1998;Sanders, Terry and Brown;Legal;31127.4
937618;Brandon Valenzuela;18/03/1980;Bryant, Walsh and Conrad;Investor Relations;53662.98
54673;Hannah Hernandez;02/02/1982;Fitzgerald Group;Environmental Health and Safety;18542.06
318312;Isabella Cox;10/09/1925;Fox-Tanner;Public Relations;87952.97
449708;Michelle Floyd;11/03/1922;Wood, Smith and Williams;Research and Innovation;10319.2
591641;Cody Cook;11/10/1928;Duncan LLC;Business Continuity;34368.5
301555;Austin Stout;18/11/1967;Barnes, Watson and Tyler;Executive Office;23744.61
325144;Anthony Smith;15/12/1956;Smith-Thomas;Enterprise Risk Management;38110.33
874618;David Bean;18/07/1981;Rangel, King and Roberts;Supply Chain Management;42989.04
542543;John Smith;24/03/2017;Davis, Kim and Price;Corporate Social Responsibility;30826.7
813328;William Saunders;31/08/2006;Martinez, Thompson and Castaneda;Purchasing;59785.24
784163;Kenneth Anderson;22/08/1935;Elliott, Guzman and Ali;Supply Chain Management;89926.69
471486;Kathy Roach;06/06/1916;Fisher-Thompson;Legal Compliance;58885.96
888770;James Wright;04/06/1959;Bryant-Smith;Network Administration;87782.57
660901;Emily Davis;13/06/2017;Jackson Inc;Community Relations;42433.61
532190;Timothy Thomas;22/10/1964;Gray, King and Lewis;Investment Management;74885.29
743679;Stephanie Scott;10/12/1989;Kane-Wilson;Legal Affairs;34349.21
77268;Kathryn Williams;23/12/1938;Greene PLC;Customer Experience;38493.11
713344;Ryan Fox;24/04/1914;Clark Inc;Community Relations;78129.06
798946;Luke Garcia;31/05/1954;Spencer-Lloyd;Administration;1370.34
650984;Jennifer Greer;22/06/1940;Harrison, Gordon and Mcdaniel;Health and Safety;75861.81
114420;Ronald Roberson;14/09/1933;Vargas-Gordon;Advertising;21422.72
524197;Michelle Thomas;03/05/1953;Mcintyre, Moody and Hernandez;Marketing;2721.44
361322;Jane Davila;22/05/1923;Hernandez, Walker and Holt;Quality Control;54866.97
599589;Theresa Miller;09/01/1930;Wise Inc;Policy and Planning;53903.76
917036;Robert Snow;19/12/1934;Sims-Vazquez;Internal Audit;55380.84
600460;Denise Kent;28/06/1909;Phillips LLC;Internal Audit;49032.89
135424;Jaime Lucero;26/01/2000;Mcmillan-Wade;Hardware Development;42582.65
861199;Steven Soto;26/06/2009;Francis PLC;Public Relations;69829.67
788048;Aaron Moran;30/06/1963;Carter-Simmons;Corporate Communications;40598.21
594557;Cynthia Collins;11/07/1926;Burnett Ltd;Credit and Collections;73433.54
206369;Allen Novak;01/11/1968;Hahn, Eaton and Tucker;Corporate Strategy;72927.01
386700;Emily Jones;07/10/1915;White, Hancock and Clark;Policy and Planning;8448.75
606726;Kristy Williams;18/04/2005;Cummings Ltd;Learning and Development;64516.55
570016;Carl Owen;01/11/2004;Marsh-Thomas;Customer Experience;82971.44
624346;Sherri Martin;11/09/1952;Hunter LLC;Employee Wellness;77091.16
474002;Lauren Macdonald;25/09/1998;Davis-Miller;Community Relations;8191.9
9335;Karen Meyer;08/02/1924;French LLC;Facilities Maintenance;44034.98
589283;Bryan Melton;17/11/1961;Henderson-Watson;Information Services;76221.64
14956;Stephanie Morales;06/02/1937;Odonnell-Vasquez;Financial Planning;26345.97
694319;Norma Rivera;21/08/1970;Cline, Brown and Cordova;Corporate Events;14929.45
105002;Sandra Holmes;09/01/2004;Romero Group;Financial Planning;38672.39
161556;Patricia Stevenson;15/08/1937;Barry Ltd;Event Management;32224.14
338725;April Griffin;04/09/1981;Munoz, Lawson and Russell;Enterprise Risk Management;49647.43
343750;Mary Baker MD;27/06/1975;Griffin and Sons;Procurement;67160.43
428470;Joseph Cuevas;10/05/1969;Carey PLC;Community Relations;13705.41
394256;James Lopez;02/09/1949;Moses-Burton;Facilities Management;76663.8
239000;Sean Gross;20/08/1972;Carpenter, Sherman and Brandt;Brand Development;59477.39
272639;Joshua Mason;22/03/2020;Barrett PLC;Customer Support;28905.88
100112;Ruth Taylor;28/03/1975;Johnson-Lewis;Technical Support;63211.06
263517;Richard Walker;07/02/1922;Moore LLC;Learning and Development;5683.5
54414;Zachary Yang;15/08/1922;Butler and Sons;Training and Education;75825.66
952085;Nicole Villanueva;10/09/1980;Miles-Ferguson;Brand Management;50426.85
696812;Lisa Duncan;13/09/1950;Campbell, Black and Boyer;Product Design;64140.32
259714;William Mcgee;17/12/2018;Kelley, Lawson and Reyes;Cybersecurity;83653.13
142106;Ashley Hutchinson;08/09/1968;Blankenship Inc;Brand Management;49587.79
188253;Stefanie James;19/05/1971;Lewis, Davila and Petersen;Contracts Management;65146.59
201826;Michael Robinson;19/09/1969;Gomez LLC;Information Technology;48971.68
239210;Michael Ward;24/11/2007;Payne, Leon and Patton;Data Analytics;1050.63
627944;Andrew James;13/03/1977;Wilcox-Fischer;Corporate Strategy;76980.42
474715;Michael Wells;19/03/1931;Mason LLC;Risk Management;24578.43
760780;Leslie Hayes;28/11/1964;Conner PLC;Facilities Management;54109.73
144780;Javier Smith;14/01/1982;Wong PLC;Product Management;37821.94
681733;Bruce Lynch;12/10/2018;Howard LLC;Corporate Affairs;49380.97
771809;Valerie Parker;13/01/2015;Weber LLC;Information Technology;37963.54
873327;Ian Harris;21/01/2017;Macdonald Inc;Business Intelligence;88176.19
164120;John Arnold;27/10/1942;Shields-Cummings;Training and Education;25911.06
423442;Shannon Gardner;27/08/1912;Smith, Blake and Mendoza;Learning and Development;47758.03
906587;Megan Brown;16/07/1921;Phillips-Fowler;Environmental Health and Safety;80736.43
243124;Randy Vaughn;08/07/1934;Bass Group;Facilities Management;87953.61
124004;Audrey Evans;16/04/1910;Summers Group;Purchasing;43548.54
828695;Bradley Collins;10/02/1954;Benson, Stark and Cortez;Corporate Affairs;42768.21
652543;Melody Chen;11/10/1945;Villa Ltd;Supply Chain Management;58304.41
372144;Kelly Lee;06/08/1937;Robinson, Payne and Banks;Strategic Partnerships;37928.5
522022;Rebecca Peterson;17/12/1909;Hunter-Waller;Logistics;12374.69
959368;Kathleen Wood;11/02/1981;Mejia-Turner;Employee Relations;35317.58
811986;Sandra Brooks;12/06/1959;Perez, Moore and Higgins;Data Management;76722.15
462594;Brandy Kelly;29/03/1943;Brown Group;Event Management;46929.64
601258;William Olson;26/03/2000;Bailey, Hernandez and Paul;Product Launch;56056.04
895497;Colin Fowler;09/03/1991;Holden LLC;Business Process Improvement;50616.43
270010;Carlos Gibson;19/11/1998;Hobbs, Lee and Evans;Corporate Strategy;41352.73
401792;Krista Evans MD;10/08/2022;Hall Ltd;Investment Management;70519.01
574396;Andrew Gomez;27/10/1958;Jenkins-Russell;Enterprise Architecture;29146.51
353157;Erin Bruce;04/04/1951;Brown, Davies and Bishop;Market Expansion;88523.68
668681;Charles Smith;10/02/1913;Reynolds-Young;Training and Development;26352.14
866651;Jodi Hunt;16/11/1960;Benton, Duran and Smith;Procurement;11070.62
237605;Christina Castillo;21/11/1941;Rice, Mccormick and Cooper;Data Management;65343.57
766998;Joseph Ortiz;05/11/1915;Townsend PLC;Regulatory Affairs;21157.31
222045;Wendy Decker MD;29/08/1950;Graham, Ayala and Oliver;Corporate Social Responsibility;78254.62
49577;Crystal Walton DDS;08/06/1927;Anderson-Smith;Data Management;50328.24
457354;Jennifer Hart;22/12/1967;Hardy PLC;Training and Education;89358.16
58822;Mr. William Glenn;30/04/1928;Vang LLC;Sales Operations;73885.24
538207;Meredith Wright;15/07/1984;Guerra-Hoover;Software Development;79213.98
250818;Rebecca Young;20/07/1952;Hoffman and Sons;Distribution;14114.47
550332;Erin Walker;30/04/2013;Perry-Pineda;Internal Audit;3490.5
817338;Amanda Rice;11/09/1940;Baker PLC;Corporate Communications;12578.89
347592;Jesse Hughes;20/02/1971;Ruiz LLC;Organizational Development;25504.36
901841;Kimberly Meyer;22/02/1930;Mcbride, Jones and Jackson;Information Services;26963.62
355999;Kathy Francis;12/11/1930;Roberts and Sons;Hardware Development;84294.05
296499;Allen Davis;02/05/1943;Griffith, Holloway and Mccormick;Business Process Improvement;47640.52
598884;Amanda Norman;10/03/1931;Bowman Group;Risk Management;85319.95
568195;George Smith;23/12/1934;Baker, Goodwin and Allison;Data Analytics;24807.05
410514;Tammy Mccoy;11/09/1949;Poole Inc;Environmental Health and Safety;16219.96
283399;Mary Fitzpatrick;01/09/1925;Mcguire, Kelly and Mitchell;Investor Relations;67417.83
861858;Brian Williams;10/01/2000;Robbins Inc;Project Management;69979.13
66456;Jessica Sullivan;11/08/1911;Gonzalez and Sons;Product Management;1900.03
196381;Carrie Friedman;03/01/1932;Mcdonald-Smith;Procurement;65333.22
516111;Beth Hernandez;29/09/1928;Evans Group;Advertising;38429.46
303302;Rebecca House;11/02/1949;Hoover-Underwood;Employee Relations;35303.52
788535;Megan Cole;21/12/2023;Wilson, Hernandez and Martin;Supply Chain;16818.46
158164;Sean Johnson;17/04/1946;Holmes Ltd;Office Management;7166.76
127905;Zachary Peterson;27/02/2005;Hughes Inc;Procurement;56990.81
419810;Ruth Howell;26/09/1947;Wilkins, Gillespie and Mitchell;Credit and Collections;52703.41
132001;Matthew Thompson;08/04/1982;Benitez-Johnson;Technical Support;30697.34
924232;Courtney Garrett;20/04/1926;Smith Inc;Legal;65219.44
843396;Dustin Hart;21/08/1981;Cox Ltd;Human Resources;10761.68
741686;Ryan Burns;28/11/1918;Huynh, Wade and Thomas;Advertising;69239.14
498483;Jonathan Boyd;16/06/1948;Anderson, Williams and Craig;Taxation;33155.05
9816;David Zavala;19/08/1927;Silva-Reese;Customer Support;3078.55
308804;Patricia Henderson;17/12/2002;Gilbert, Fernandez and Hubbard;Training and Development;13804.14
28852;William Smith;07/12/2021;Mathews and Sons;Business Continuity;11133.55
456536;Michael Coleman;25/06/1995;Mitchell Group;Legal Compliance;87398.52
839529;Tamara Beck;20/02/2004;Bradley LLC;Strategic Planning;49940.56
957605;Amber Baker;25/08/1988;Fuentes-Walker;Policy and Planning;82269.93
476578;Kelly Brown;08/05/2015;Baker Ltd;Research and Innovation;18917.95
156851;Andrew Williams;11/03/1958;Bradshaw, Greene and Cortez;Facilities Maintenance;57824.3
549881;Matthew Jones;11/03/1940;Poole PLC;Finance;16402.27
182925;Danielle Love;20/08/1929;Mathews, Perez and Waller;Product Launch;7447.82
574711;Shane Conner;15/07/1981;Boyd-Thomas;Data Analytics;2164.82
766383;Bethany Rowe;05/05/1955;Arnold, Jensen and Farmer;Business Continuity;58746.55
232240;Benjamin Powers;30/06/1974;Roberts-Cardenas;Advertising;43741.39
840408;Angela Pierce;28/09/1948;Moreno Inc;Market Research;33594.65
500998;Connor Kline;30/01/2014;Keller-Thomas;Contracts Management;24230.18
234761;Heather Murphy;16/04/1994;Rivera and Sons;Contracts Management;82974.04
757559;Maria Allen;16/10/1931;Ryan, Mcmahon and Morris;Credit and Collections;56774.86
472375;Elizabeth Donovan;27/06/1985;Sweeney, Collins and Shaw;Information Security;46426.67
111839;Nicole Vaughn;10/03/1922;Medina Ltd;Taxation;62390.22
637872;Bryan Allen;16/05/1991;Lewis Ltd;Legal;15217.04
193188;David Scott;26/12/2010;Holt, Kelly and Dawson;Corporate Strategy;64628.97
246185;James Kennedy;06/05/1919;Cobb-Garner;Engineering;76640.29
700963;Alejandra Hood;31/05/1912;Kemp Inc;Research and Development;71923.18
299337;Thomas Reyes;01/09/1985;Erickson, Ramsey and Hood;Training and Education;69307.87
231099;Clayton Gentry;20/12/2019;Patterson, Mendoza and Jackson;Community Relations;65410.95
485259;John Jackson;07/08/1918;Hall, Garcia and Payne;Employee Relations;22925.23
818290;Gerald Garza;06/01/1996;Sanchez, Hunt and Harris;Cybersecurity;68801.79
81333;Frank Smith;20/12/1982;Weaver-Massey;Credit and Collections;59168.4
511979;Craig Anderson;11/05/2006;Jones, Butler and Morris;Strategic Planning;25762.09
130555;Katherine Thomas;04/06/1955;Sherman, Patel and Richardson;Human Resources;68022.51
404213;Derek Boone;14/11/1958;Morrison-Jones;Corporate Communications;66868.93
796926;Jeremy Holland;11/02/1998;Woods-Davidson;Customer Experience;64548.1
328543;Chad Williams;12/05/1963;Frye and Sons;Purchasing;37718.89
327086;William Young;26/07/2019;Mays Group;Information Technology;61167.0
621468;Suzanne Flores;13/03/1922;Garrison and Sons;Enterprise Risk Management;44681.86
284839;Stacy Hart;10/04/1938;Campbell and Sons;Cybersecurity;42851.07
666248;Suzanne Cohen;16/09/2010;Murray Ltd;Supply Chain;79625.2
157370;Brendan Evans;02/11/1919;Montoya-Thompson;Office Management;17844.65
42031;Kristin Hall;20/12/1984;Mckinney PLC;Enterprise Architecture;74584.1
657280;Jeremiah Le;30/05/1945;Cohen-Watson;Environmental Health and Safety;7511.3
846429;Michelle Pearson;12/12/1950;Wilson-Craig;Finance;76519.61
672529;Emily Davis DDS;22/02/1940;Ellis-Berger;Corporate Social Responsibility;66462.06
219640;Kimberly Hart;10/03/2011;Freeman-Snow;Hardware Development;36179.13
546533;Christopher Rice;12/03/1987;Moore, Sanchez and Johnson;Investment Management;35124.08
52166;Michelle Wolf;04/06/1972;Williamson-Griffin;Database Management;75569.6
237304;Hannah Norman;12/03/1951;Lewis-Hunt;Customer Success;67678.89
881641;Sandra Watkins;28/12/2019;Perez-Rodriguez;Research and Innovation;87160.9
781598;Jennifer Mckee;01/01/1982;Buckley Inc;Research and Development;15615.93
805834;Erin Short;24/10/1909;King Group;Supply Chain;33192.01
907120;Aaron Henry;27/03/2004;Johnson, Cole and Richardson;Corporate Governance;54206.73
81661;Stephanie Jackson;10/11/1952;Santos, Bauer and Wallace;Supply Chain Management;48279.8
819471;Victoria Griffith;23/05/1947;Williams and Sons;Market Expansion;68704.75
570448;Hannah Singleton;20/06/2016;Ford-Sexton;Corporate Development;59884.01
714459;Sarah Pierce;01/03/1946;Davis, Miller and Ramirez;Corporate Governance;9633.4
814085;Mark Vincent;05/06/1942;Ross-Graham;Environmental Health and Safety;80183.72
238860;Sherri Allen;10/09/1957;Erickson-Pace;Public Affairs;2625.95
240745;Vanessa Stone;24/10/1965;Costa-Campbell;Public Affairs;56269.7
806040;Karen Blevins;20/03/2017;Alvarez-Johnson;Investor Relations;27088.78
321654;Cody Williams;21/05/2007;King-Gonzalez;Corporate Training;36929.73
492106;Cynthia Young;29/05/1981;Ballard Ltd;Regulatory Affairs;42134.7
372305;Stephanie Mccoy;02/07/1986;Shepherd PLC;Credit and Collections;74644.26
985109;Roger Hood;24/09/1970;Barnes-Walters;Sales;20368.27
431153;Adam Mora;26/08/1971;Mitchell, Ellis and Davis;Technical Support;41257.21
12086;Kaitlyn Campbell;13/02/1982;Morris, Mendez and Thomas;Data Analytics;80594.79
196643;Nicolas Thomas;20/09/1945;Weber-Brown;Manufacturing;1088.51
761564;Maria Castro;20/05/1985;Medina-Cox;Customer Experience;37802.4
820514;Mr. James Morrow;19/08/1916;West-Ramos;Customer Support;81350.27
351636;Andrew Lawrence;06/02/1974;Oconnor-Tyler;Legal Compliance;50826.96
575145;Alejandro Gordon;07/09/2009;Potts-Khan;Market Expansion;1122.41
740726;Kayla Barrett;05/06/1967;Duarte Group;Corporate Strategy;82422.13
192075;Haley Gross;31/12/1981;Nixon, Galvan and Wilson;Business Process Improvement;25731.44
732068;Andrew Roy;06/06/1990;Miller, Johnson and Ross;Infrastructure Management;56579.66
995755;Stephanie Hughes;09/06/1977;Khan, Cantu and Acevedo;Advertising;48313.45
204335;Lisa Jones;02/02/1981;Castaneda-Callahan;Public Affairs;55978.27
379244;Tony Aguilar;17/06/2010;Phillips Inc;Facilities Maintenance;75993.19
407840;Christopher Atkinson;30/12/1976;Williams LLC;Network Administration;12236.27
746605;Julie Weiss MD;28/03/1969;Martinez-Riley;Business Process Improvement;88385.85
600455;Scott Fuentes;30/10/1933;Meza PLC;International Operations;88684.75
166728;Ashley Olsen;17/12/1978;Colon, Rocha and Bennett;Investor Relations;81376.91
905632;Caleb Barnett;10/07/1993;Schmidt, Zavala and Williams;Community Relations;60636.84
582065;Theresa Kane;23/06/2017;Mcdonald Ltd;Operations;38799.88
453290;Aaron Wilson;19/07/1991;Charles LLC;Cybersecurity;63401.22
356202;Wendy Brock;16/11/1939;Andrews, Charles and Park;Organizational Development;85238.24
580315;John Rivera;15/11/2007;Stokes and Sons;Quality Assurance;44899.57
243188;Corey Acosta;23/08/1992;Perez, Thomas and Gonzalez;Product Launch;12157.82
530762;Joshua Mann;03/05/2013;Russell, Yoder and Oconnell;Business Intelligence;50815.17
372731;Mary Reynolds;05/05/1972;Herrera, Brown and Richardson;Logistics;17622.18
533588;Joshua Moore;18/07/2019;Jackson-Hawkins;Public Affairs;54930.69
424298;Connie Powell;03/09/2018;Moore PLC;Training and Education;20565.34
297750;Melissa Smith;26/11/1978;Cain-Marshall;Manufacturing;53446.91
595690;Jeffrey Bates;27/03/1920;Anderson, Robbins and Smith;Corporate Communications;36556.71
798539;Brandi Peterson;22/07/1974;Young-Walker;Employee Relations;64233.91
293363;Tanya Rich;31/07/1913;Parsons-Adkins;Network Administration;61405.21
647326;Jack Cochran;22/09/1920;Garcia-Delgado;Taxation;72335.95
18376;Dakota Pace;20/12/1980;Holmes Ltd;Corporate Affairs;18466.25
806183;Jennifer Harrison;15/07/1978;Vaughan-Gibson;Employment Services;29783.76
317718;James Waller;24/07/1984;Roach-Lee;Corporate Governance;34941.2
902164;Traci Walters;03/02/1929;Garcia LLC;Employee Wellness;77742.1
627163;Robert Williams;04/08/2016;Clark LLC;Corporate Governance;58832.08
694054;Sarah Walker;05/02/1958;Gross, Fitzgerald and Hanna;Public Affairs;59960.42
4337;Walter Kelley;15/08/2021;Scott-Barnett;Systems Engineering;33803.23
314885;Joan Clark;07/12/1971;Scott PLC;Strategic Planning;72034.12
363662;John Gallagher;25/07/1998;Barnes Ltd;Data Management;84610.64
775360;Thomas Powell;15/12/1993;Cross, Phillips and Jones;Customer Experience;13632.05
201142;Elizabeth Watson;05/03/1977;Boyer, Williamson and Williams;Administration;2780.27
936403;Alex Coleman;14/05/1988;Knapp Group;Corporate Development;31136.93
505587;Valerie Bolton;14/04/1978;Lamb-Jones;Risk Management;11484.73
250668;Carlos Dudley;21/05/1920;Decker-Levy;Executive Office;44428.77
45762;Cynthia Waller;05/05/1980;Walter Inc;Corporate Events;75116.97
682859;Rebecca Daniels;15/12/2020;Hamilton Ltd;Human Resources;28989.42
460159;Joshua Smith;22/08/1929;Castro Inc;Information Security;53623.66
277972;Matthew Taylor;01/03/1988;Washington-Jones;Cybersecurity;28266.06
643248;Linda Murray;07/12/1994;Avila-Nelson;Training and Development;69838.73
990823;Miguel Ortiz;06/04/1955;Perry-Marshall;Information Technology;76667.33
579436;Suzanne Beard;12/03/1974;Vargas-Pearson;Credit and Collections;21632.44
333644;Ashley Buchanan;13/01/1998;Quinn LLC;Brand Management;35538.23
815732;Brian Hanson;03/08/2015;Spencer, Wright and Hunt;Product Management;34886.02
741889;Sara Zimmerman DDS;19/06/1912;Edwards, Lawson and Mata;Marketing;9246.08
804756;Alexis Byrd;15/03/1914;Jones Group;Credit and Collections;70672.83
621430;Antonio White;19/04/1999;Morales Inc;Information Services;26109.39
797683;Claire Snyder;17/11/1992;Gray-Green;Cybersecurity;74117.1
158778;Ashley Butler;04/07/2001;Bruce, Brown and Hobbs;Supply Chain Management;40299.74
488819;Nicholas Rose;25/03/1914;Morris Ltd;Corporate Affairs;53110.64
710608;Stephen Anthony;31/12/1913;Vance-Vaughan;Policy and Planning;30350.82
693461;Jennifer Buchanan;07/05/1975;Hampton, Gomez and Nolan;Corporate Training;68768.74
708982;Omar Williams;24/05/2003;Dawson-Mcgrath;Corporate Affairs;9128.91
198663;Mr. William James;10/08/1967;Morgan-Clay;Internal Audit;22788.99
648142;Bill Blankenship;15/10/1977;Reyes and Sons;Corporate Communications;31732.68
402577;Lori Ware;31/01/2003;Hood-Hicks;Strategic Planning;16125.95
344928;Austin Brown;03/06/1912;Park, Collier and Lynch;Treasury;39421.91
582905;Brett Williams;07/10/2018;Nguyen LLC;Research and Development;23635.71
100644;Dr. Pamela Wallace;08/03/1921;Marks, Rasmussen and Lamb;Employment Services;7648.78
176702;Caitlin Scott;16/04/1945;Lee, Rose and Moore;Product Management;87009.9
556002;Stephanie Foster;01/11/1948;Lopez-Ewing;Customer Experience;38216.06
837713;Richard Callahan;17/09/1917;Burton, Reynolds and Green;Policy and Planning;7024.27
795229;Daniel Patel;02/12/1965;Kidd and Sons;Customer Success;60745.63
639560;Alexis Miller DVM;01/06/2004;Hanson PLC;Business Intelligence;55943.65
463101;Mr. Timothy Davis;05/08/1923;Buckley, Pineda and Johnson;Distribution;13121.64
622245;Andrew Meyer;03/04/1985;Rivera Ltd;Administration;37850.78
242317;Ruben Lopez;29/11/1952;Wright Inc;Financial Planning;27573.05
23407;Jeffery Hendricks;26/10/1952;Martinez, Torres and Mcdaniel;Logistics;11090.33
141461;David Vaughan;19/08/1926;Grant Group;Investor Relations;7605.38
223503;Richard Cooper;12/02/1982;Chaney, Jones and Cook;Strategic Partnerships;76424.04
33190;Jasmine Shepard;20/09/1928;Bowman LLC;Legal Affairs;43799.88
919426;Barry Summers;05/01/1936;White, Baker and Barnett;Systems Engineering;1992.35
872293;Robert Garcia;09/03/1967;Glass, Ballard and Jenkins;Manufacturing;87157.12
606667;Corey Lopez;16/11/1965;Liu LLC;Logistics;35295.68
81010;Ronald Wilson;16/06/1950;Reed LLC;Event Management;49616.61
604983;Wendy Hall;24/05/2011;Miller-Todd;Technical Support;27268.39
311437;Gary Brady;13/04/2010;Daniels-Coleman;Credit and Collections;76228.68
650056;Michael Bowers PhD;21/02/1948;Chandler, Barrett and Ramirez;Data Management;15171.8
855774;Kyle Lee;24/04/1934;Sutton PLC;Strategic Sourcing;73028.68
407507;Lisa Jones;16/12/1950;Moore Group;Environmental Health and Safety;27228.34
26058;Trevor Moore;23/10/1993;Holloway-Clark;Product Management;47356.19
457738;Jennifer Salinas;12/12/2015;Smith-French;Business Intelligence;55222.94
844005;Andrew Rivera;12/10/1986;Smith, Parker and Jones;Corporate Development;14245.8
603261;Hunter Carrillo;21/02/1915;Young Group;Enterprise Risk Management;72518.04
516115;Tina Lopez;14/12/2007;Wall-Gibson;Database Management;22116.66
696511;Christine Mccormick;22/09/1986;Davis, Clark and Pugh;Engineering;49351.68
132662;Nichole Wong;31/08/1947;Williams, Callahan and Wilkins;Enterprise Architecture;76597.51
189622;Frank Smith;06/02/1987;Krueger and Sons;Software Development;80967.22
215030;Alyssa Watts;23/05/1928;Stevens, Sanchez and Little;Financial Analysis;2871.39
567648;Dr. Katie Becker;09/10/1970;Perez, Andersen and Jensen;Financial Analysis;47053.51
228664;Debra Wilson;27/10/1989;Torres-Werner;Quality Assurance;76144.08
943699;Edward Castro;13/10/1933;Wyatt, Sanchez and Wood;Product Launch;38814.79
288423;Derek Andrade;28/05/1915;Kelly-Vega;Corporate Affairs;65532.21
272337;Tammy Price;11/12/1940;Williams-Martin;Customer Support;41758.22
807752;Aaron Schneider;11/06/1943;Taylor-Sawyer;Executive Office;45899.79
463521;William Roberts;30/09/2004;Ponce-Jones;Engineering;44946.98
311343;Victor Golden;06/05/1933;Ramirez, Miller and Mclaughlin;Enterprise Risk Management;23717.5
298145;Michael Cabrera;14/02/1908;Berg, Hamilton and Elliott;Learning and Development;5807.86
41547;Devin Price;10/08/1965;Williams, Martinez and Johnson;Corporate Communications;61521.29
350104;Phyllis Smith;24/10/1914;Snow-Moore;Quality Control;15454.88
984978;Kevin Reyes;19/03/1977;Lewis LLC;Executive Office;44225.54
713882;Cory Richmond;20/05/2018;Barnes-Thomas;Enterprise Risk Management;85448.6
233392;Nancy Harrison;08/12/1915;Miller-May;Corporate Governance;39744.51
792063;David Jones;06/10/2017;Dickerson Ltd;Network Administration;10094.89
803409;Stephen Hutchinson;28/03/1992;Dean-Walton;Engineering;61108.66
625182;Timothy James;16/12/2004;Fox Inc;Business Development;84036.05
569566;Virginia Green;16/04/1936;Spencer-Wells;International Operations;15456.0
53908;Robert Ritter;15/10/1924;Nelson-Pearson;Data Analytics;30169.81
420684;Samuel Mills;21/11/1982;Stevens Group;Legal;44334.22
397694;Donald Friedman;08/12/2011;Peterson PLC;Internal Audit;17709.89
46466;Destiny Powell;03/11/2004;Phillips, Vasquez and Anderson;Enterprise Architecture;67193.38
846418;Timothy Phelps;24/09/1949;Diaz-Miller;Data Management;35597.81
333251;Kayla Williams;14/03/2005;Maldonado-Anderson;Supply Chain Management;48563.54
998132;David Mccarthy;01/04/1992;Curry, Peck and Wilson;Financial Planning;70657.43
595346;Tracy Stephens;02/09/1925;Cruz-Luna;Strategic Sourcing;37953.19
961421;Theodore Johnson;02/02/1910;Williams-Chan;Health and Safety;71316.44
188752;Paige Brown MD;20/12/1915;Walker, Walters and Hall;Distribution;1987.43
663322;Andrew Espinoza;28/05/1957;Thomas, Taylor and Cook;Organizational Development;42300.56
632823;Kenneth Johnson;07/12/1999;Bradford-Tucker;Contracts Management;47664.74
595605;Rebecca Fields;10/02/1999;Rodriguez PLC;Data Analytics;86974.55
946123;Shirley Franco;14/09/1913;Davis-Juarez;Legal Affairs;14592.31
829977;Susan Black;29/03/1995;Coleman, Harris and Turner;Sales Operations;44943.63
828401;Christopher Alvarez;02/02/1978;Clark, Gutierrez and Sosa;Corporate Events;43480.73
661830;Ana Rogers;25/12/1986;Morris Group;Product Design;8016.59
469863;Xavier Campbell;03/05/1959;Drake Ltd;Corporate Social Responsibility;23995.74
534199;Kelli Gonzalez;24/01/1961;Davis-Mccann;Quality Assurance;15765.96
1087;Pamela Chandler;04/12/2008;Garcia-Greer;Business Intelligence;72388.51
913500;Jennifer Armstrong;09/06/1965;Golden, Lambert and Green;Market Research;79486.34
114122;Jessica Cooper;07/04/1916;Hernandez Ltd;Regulatory Affairs;49064.58
632789;Joshua Wilson;17/08/2001;Moore, Walker and Parrish;Quality Control;13643.93
621396;Curtis Atkinson;20/04/1963;Pierce, Lopez and Stone;Product Design;64095.62
914745;Michelle Williams;21/12/1937;Hodges Inc;Business Process Improvement;12820.99
173775;David King;12/05/2010;Guzman Inc;Infrastructure Management;60652.69
287050;Sydney Jensen;20/08/1925;Vega, Wolf and Anderson;Enterprise Architecture;42599.3
200371;Justin Smith;28/08/1999;Perez-Jones;Public Affairs;30844.57
760263;Steve Bray;11/05/1918;Hart-Fisher;Corporate Communications;30032.17
252312;Kelly Howell;05/11/1927;Anderson Ltd;Data Management;7737.31
258964;Jonathan Wilson;22/11/1981;Warren and Sons;Systems Engineering;72099.61
320850;Jordan Gray;04/07/1947;Rogers Ltd;Customer Support;67837.09
459326;Susan Young;14/05/1914;Smith-Kane;Corporate Affairs;45656.01
629258;Erica Patterson;17/06/1939;Walters-Brown;Enterprise Architecture;87644.35
229317;Troy Lee;16/05/1948;Pope PLC;Corporate Governance;70425.45
420536;Sarah Acevedo;26/02/1968;Brown-Johnson;Research and Innovation;48541.21
670728;Barbara Weber;31/05/1979;Baxter Group;Corporate Affairs;74018.82
618600;Kristen Moore;23/05/1952;Burgess Group;Supply Chain;19631.42
319659;William Rangel;02/01/1932;Smith, Williams and Wilson;Treasury;81810.46
570586;Jerry Vazquez;19/08/1919;Hernandez, Sanders and Bailey;Information Services;76371.11
490849;Robert Berry;22/12/2009;Buckley-Sexton;Manufacturing;3687.56
528946;Mary Wood;30/01/1909;Garcia, Beard and White;Policy and Planning;66065.44
907416;Lori Arnold;02/11/1927;Lamb-Woods;Brand Management;41002.49
952351;Ross Murphy;25/07/2008;Foster, Fletcher and Webb;Corporate Social Responsibility;11127.67
845839;Tiffany Jones;11/10/1953;Lee Ltd;Taxation;75207.08
776761;Kristina Peters;02/06/1937;Love-Atkinson;Audit and Assurance;85828.72
42287;Roberta Holland DDS;18/09/2002;Ramirez-Walker;Systems Engineering;24030.31
790052;Shawn Reynolds;14/07/1927;Boyd Group;Training and Development;63104.65
189759;Barbara Aguirre;29/05/1956;Pena and Sons;Corporate Communications;44126.23
337727;Zachary Jacobson;15/01/1972;Copeland LLC;Infrastructure Management;15287.3
300487;Stephanie King;09/06/1927;Garcia, Martinez and Armstrong;Human Resources;4939.57
863887;Mario Peters;23/10/1962;Anderson LLC;Training and Education;41617.04
272915;Teresa Vasquez;09/09/1967;Fernandez-Allen;Corporate Training;36474.67
345546;Daniel Crane;25/08/1990;French-Ellis;Taxation;39605.63
695947;Randy Decker;29/05/1932;Fisher Ltd;Customer Support;58549.52
104923;Mr. Tony Park;05/10/1979;Lawson, Mcdonald and Carter;Market Research;74258.97
539573;Thomas Mcintosh;10/12/1972;Cunningham, Greene and Conrad;Corporate Affairs;30469.51
887754;Rebecca Keller;14/02/1939;Wilson, Carpenter and Dyer;International Operations;21210.8
809406;Andrew Young;15/11/2015;Peterson-Simpson;Contracts Management;73961.13
566898;Katie Ortiz;02/01/1962;Grant, Smith and Olson;Product Design;63829.76
126064;Margaret French;09/11/1999;Greene Ltd;Finance;51356.23
343694;Anthony Davenport;06/08/1919;Gomez-Campbell;International Operations;54496.89
25444;Dr. Ashley Cole;26/11/1990;Walton-Nguyen;Business Intelligence;18470.08
415449;Carrie Mayo;07/09/2002;Payne Inc;Information Security;43321.99
100773;Jasmine Marshall;22/05/1972;Lucas-Keller;Manufacturing;83955.18
292739;Charlotte Berry;17/11/2001;Johnson-Mercer;Database Management;49149.86
203212;Erika Davis;05/01/1920;Khan PLC;Legal Affairs;84780.57
547636;Jacob Peck;23/11/1985;Mueller-Allen;Contracts Management;55612.99
181773;Nathan Howard;08/07/1988;Jones, Parker and Moore;Engineering;42345.24
215670;Erin Gonzalez;01/02/2020;Green, Morgan and Humphrey;Cybersecurity;77547.5
103744;Thomas Hall;14/08/1983;Walker, Harris and Roman;Product Management;79390.19
606168;Cynthia Flores;13/12/1943;Jones Group;Operations;87299.69
483448;James Wilson;29/09/1941;Andrade-Gordon;Supply Chain;17002.21
271890;Michael Livingston;29/08/2002;Schwartz, Hoover and Reynolds;Community Relations;86038.87
161739;Dana Sullivan;29/03/1997;Hardy PLC;Manufacturing;69818.16
586492;Rachel Watkins;27/12/1931;Small Ltd;Systems Engineering;21644.92
661904;Claire Jacobs;04/07/1965;Hines, Livingston and Alexander;Distribution;73355.69
600351;Charles Duncan;22/11/1966;Cruz, Torres and Richardson;Procurement;3594.03
406909;Charles Sanchez DDS;19/10/2011;King-Gilmore;Business Process Improvement;68806.68
893225;Bryan Brown;12/03/1971;Davila-Schroeder;Supply Chain Management;16968.97
202295;Caleb Tucker MD;17/09/1919;Powers PLC;Supply Chain Management;55283.93
850775;Amanda Rice;21/12/1917;Kline-Hess;Supply Chain Management;56489.85
397070;Linda Moore;24/05/1974;Walters, Horn and Ward;Manufacturing;53227.6
883082;Jennifer Black;14/07/1946;Harmon-Frederick;Administration;40671.13
155107;Jessica Saunders;03/04/1993;Wilson, Freeman and Thompson;Environmental Health and Safety;58601.0
321476;Stephanie Crawford;26/02/1969;Smith-Curry;Distribution;83950.92
789102;Emily Green;10/01/1987;Garcia and Sons;International Business;83839.84
99920;Debra Peterson;11/06/1929;Wall, Cameron and Mathis;Product Design;81551.61
2648;Jason Costa;24/05/2007;Bird, Ward and Knapp;Corporate Affairs;25408.56
335433;Joyce Roberts;22/12/1943;Williams, Fletcher and Black;Software Development;31220.62
436626;Eric Tyler;10/05/1914;Young, Bowman and Foster;Investor Relations;57892.6
324960;David Jones;12/03/1990;Villarreal-Adams;Business Intelligence;10474.9
672488;Terry Davies;28/06/1915;Lyons, Johnston and Bradley;Systems Engineering;15689.35
229689;Javier Padilla;20/03/1947;Bishop, Rivera and Cox;Business Development;18987.67
93560;Maria Fuller;11/10/1963;Mitchell, Mcclain and Gibson;Legal;39567.29
939960;Jeffrey Stanton;06/01/1946;Smith-Bullock;Supply Chain;70930.45
732066;Jasmine Young DDS;27/08/1969;Adams Inc;Systems Engineering;41437.16
100454;Lisa May;08/11/1958;Lynn, Mcgee and Perry;Employee Relations;64945.78
562993;Brittany Rogers;19/04/1984;Peters-Taylor;Employee Wellness;77699.21
381396;Charles Bradley;19/03/1969;Gill-White;Contracts Management;85547.14
849636;Joan Perez;20/02/2017;Rose Group;Public Relations;25422.33
579884;Scott Smith;16/06/1925;Townsend PLC;Product Launch;22847.84
793564;Joseph Leblanc;01/09/1940;Cline Group;Facilities Management;20580.29
427168;Mallory Campbell;21/07/1968;Robbins, Scott and Hawkins;Innovation;3230.85
453766;Ryan Roth;05/02/1993;Villanueva and Sons;Procurement;2114.7
334173;Allison Crawford;05/07/1958;Combs, Morris and Smith;Corporate Events;3061.07
627695;Matthew Davis;14/05/1988;Andrews-Gallegos;Treasury;88113.12
352793;Brandy Perkins;16/09/1962;Oliver-Pitts;International Operations;52267.53
296311;James Davis;02/11/1942;Haynes Ltd;Systems Engineering;5245.2
885364;Christina Knight;08/01/1923;Harper, Fox and Taylor;Contracts Management;31318.11
478930;Blake Bell;23/01/1999;Hamilton-Pearson;Procurement;80062.88
771566;Mrs. Michelle Schmitt;01/10/2013;Gilbert, Cohen and Sparks;Strategic Partnerships;74969.17
135599;Leslie Lee;28/04/1959;Hall-Anderson;Organizational Development;48939.7
987153;James Welch;15/12/1919;Frederick-Soto;Organizational Development;24305.43
436047;Christopher Baker;13/03/1962;Villarreal Inc;Finance;4943.71
530136;Kevin Chen;13/12/1911;Morgan Ltd;Employee Wellness;63564.98
708334;Richard Clark;14/04/1953;Walker, Fowler and Mcdonald;Warehouse Management;9400.85
750539;Stefanie Velasquez;21/03/1948;Peters-Valenzuela;Data Management;36309.47
505747;Patrick Wade;06/11/1914;Barnes-Brown;Enterprise Architecture;35961.82
544228;Ernest Gray;19/05/2007;Bridges-Barrett;Strategic Partnerships;16617.62
438345;Scott Bell;14/04/2006;Gonzales-Luna;Quality Assurance;89779.47
371900;Terri Hays;18/10/1922;Barnes PLC;Purchasing;27016.75
181651;Alyssa Williams;27/07/2010;Jones LLC;Corporate Governance;13161.24
399492;Nicholas Howell;30/08/2015;Carlson Ltd;Facilities Management;65712.97
359930;Sydney Hughes;23/07/1930;Christensen LLC;Strategic Planning;69187.75
256620;Gwendolyn Davis;26/06/1920;Dorsey, Barnett and Deleon;Corporate Communications;8694.99
178759;Lisa Garcia;17/01/1967;Weaver Inc;Supply Chain Management;72976.65
687707;Joshua Austin;01/06/2017;Brown, Travis and Cooper;Corporate Training;86212.06
645003;Cindy Lucero;30/08/2018;Jones LLC;Manufacturing;34033.61
639423;Dr. William Delgado PhD;24/09/2009;Lee-Hernandez;Corporate Events;25605.91
229354;Brian Jones;02/04/2011;Thompson-Gillespie;Market Research;59829.1
577929;Joan Huang;27/03/2012;Stephenson-Cain;Hardware Development;62300.99
690451;William Hamilton;26/08/1924;Ramirez, Vaughn and Lynn;Legal Affairs;76092.87
303169;Leslie Lindsey;11/03/1981;Ramirez Inc;Data Management;37689.28
719024;Mark Cook;19/07/1938;Jackson-Moses;Executive Office;15899.77
232029;Maria Hunter;06/02/1926;Gordon, Brown and Horton;Corporate Communications;13631.99
924685;Gerald Mills;01/11/1942;Barber, Keller and Perez;Market Expansion;5429.13
71242;Angela Cole;18/02/1952;Williams-Bentley;Treasury;7287.2
745518;Jasmine Tyler;08/12/2021;Zimmerman, Wolfe and Nguyen;Employee Relations;24951.72
425910;Stephanie Curtis;30/10/1989;Summers-Wood;Event Management;25643.88
227821;Melvin Garcia;25/10/1996;Kelly Ltd;Training and Development;31550.84
487392;Nicole Morrison;07/02/1970;Donaldson, Sanchez and Alvarado;Innovation;50825.97
684013;Wanda Brown;29/04/1961;Barnes, Edwards and White;Accounting;50164.13
514288;James Yang;16/08/1941;Rice-Anderson;Corporate Social Responsibility;86016.56
189908;Ethan Baldwin;17/08/1953;Thompson Ltd;Database Management;39921.42
41932;Dr. Angela Ruiz;17/05/1958;Matthews, Mcintyre and Guerrero;Quality Assurance;76215.27
587709;Dana Dennis;12/08/2023;Schaefer, Anderson and Wise;Information Technology;80677.69
871585;Rhonda Browning MD;13/02/1962;Lucas, Smith and Garrett;Treasury;55816.06
362506;Brett Diaz;12/06/2011;Huang, Quinn and Rogers;Enterprise Risk Management;42360.82
461507;Alexander Mckinney;22/05/1947;Dawson and Sons;Market Research;84607.34
457035;Julia Jones;14/12/1922;Smith, Dalton and Fields;Facilities Maintenance;29617.61
628162;Deanna Harrison;02/01/1993;Christian and Sons;Employee Wellness;88870.95
425405;Jennifer Brooks;18/08/1940;Williams, Smith and Green;Market Research;1458.68
128616;Grant Elliott;28/05/1972;Phillips, Hatfield and Owen;Network Administration;63098.23
128051;Alexander Gaines;07/02/1967;Sloan-Mcdowell;Customer Support;52419.63
871858;Thomas Rivera;07/08/1932;Peters, Lara and Rogers;Corporate Communications;48349.17
116826;Debra Snyder;19/06/1959;Trevino Group;Business Development;37696.41
3214;Benjamin Perez;14/06/1943;Barron-Bowman;Business Intelligence;58568.14
709616;Judith Meadows;24/11/1910;Chavez-Bell;International Business;53881.67
212271;Patricia Wagner;26/08/1989;Becker PLC;Event Management;6226.91
984714;Ashley Ramos;20/02/2001;Levine-George;Data Management;45455.78
506027;Ryan Miller;17/04/1988;Paul, Johnson and Sweeney;Corporate Strategy;82227.31
428565;Kyle Ross;15/11/1974;Ford, Walker and Stanley;Business Continuity;7685.89
637416;Kayla Gibbs;24/08/1991;Brown and Sons;Advertising;80625.37
779344;Samuel Garcia;30/12/1909;Contreras-Mora;Treasury;44021.01
810242;Nathaniel Parker;02/04/1964;Martinez, Cox and Flores;Supply Chain;28743.79
115788;Christopher Davis;27/02/1991;Johnston Group;Public Affairs;82460.52
95053;Ryan Lopez;19/08/1919;Francis-Hughes;Data Management;18006.85
376166;Leslie White;19/02/1973;Kelly, Estrada and Jenkins;Employee Wellness;78872.15
629060;Vincent Walker;24/11/1980;Francis-Steele;Customer Support;77733.06
85554;Joseph Hodges;23/11/1930;Cruz, Key and Lopez;Corporate Strategy;40930.68
7574;William James;10/03/1913;Carter and Sons;Enterprise Architecture;45378.2
545766;James Smith;22/07/1909;Walker-Johnson;Employee Wellness;62274.97
687551;Kathryn Parks;23/06/1923;Snyder, Hudson and Phelps;Brand Development;13703.16
870649;James Simon;01/01/1969;Cohen, Ellison and Vargas;Facilities Management;15841.28
508963;Emily Valencia;31/12/1959;Smith PLC;Business Development;76143.09
875579;Alan Mercado;17/05/1910;Spencer-Flowers;Customer Success;26727.94
762915;Kevin Daniels;23/12/2006;Burke, Murphy and Benson;Contracts Management;29250.28
753663;Vanessa Pratt;11/07/1986;Brooks-Lopez;Brand Development;29928.75
275293;Connor Hill;14/11/1971;Thomas, Steele and Phillips;Corporate Strategy;67389.01
751088;Curtis Barnett;23/05/1985;Cross LLC;Infrastructure Management;18820.53
490499;Marcus Davis;20/01/1919;Hayes-Travis;Product Design;68340.36
518027;Michael Gentry;02/12/1918;Lewis, Zhang and Mcdonald;Quality Control;47492.43
976550;Christopher Bell;28/04/1964;Diaz Group;Legal;14671.36
431361;Carrie Baker;12/07/2016;Ray-Evans;Purchasing;49517.68
659137;Alexis Garcia DDS;30/10/2019;Stewart, Chen and Turner;Regulatory Affairs;62242.97
45964;Charles Wang;07/03/1910;Reed Ltd;Accounting;40557.39
654294;Maurice Carr;22/02/1979;Holloway Inc;Enterprise Architecture;66557.05
206497;Michael Moore;08/06/1933;Phillips, Johnson and Gonzalez;Brand Management;28507.7
143417;Jesse Pacheco;10/04/1993;Walsh-White;Employee Relations;86895.53
737438;Samuel Benton;12/01/1912;Moreno-Johnson;Information Security;58499.18
310937;Thomas Yates;18/01/2022;Conley-Wheeler;Corporate Communications;89865.86
140113;Danielle Yates;03/11/2016;Chan Group;Financial Planning;55561.63
884798;Katherine Baker;14/07/1980;Flynn Ltd;Enterprise Risk Management;2046.06
977288;Jeffrey Li;29/10/1936;Jones LLC;Cybersecurity;58121.55
901144;Terri Garcia;06/12/1964;Estes PLC;Research and Development;11476.46
69123;Samuel Wilson;15/09/1979;Rose-Calhoun;Information Services;69915.11
421817;Brittany Cox;26/10/1926;Schmitt LLC;Advertising;49119.37
523792;Eric Norris;30/11/1951;Mckenzie, Graves and Miller;Information Technology;62093.96
766909;Patricia Nguyen;29/08/2017;Pacheco-Wilson;Strategic Planning;3296.13
334170;Andrea Haas;15/11/1915;Pitts-Mendez;Product Design;9856.56
935654;Melanie Sloan;11/07/2020;Romero, Kane and Morrison;Market Research;70288.56
867811;Jennifer Burnett;04/12/1928;Conrad and Sons;Event Management;25326.86
603760;Jeremy Williams;26/10/2016;Hart, Oneill and May;Legal;79595.44
867013;Hannah Glover;20/04/1984;Reid, Hansen and Moore;Corporate Training;76336.42
941241;Brandon Beasley;27/02/1958;Williams-Weaver;Network Administration;86284.32
554746;Andrea Johnson;10/12/1965;Houston Inc;Credit and Collections;1756.32
841195;Alyssa Warren;05/11/1971;Wood LLC;Legal;6911.54
647485;Scott Cooper;06/09/2001;Koch-Avila;International Operations;18339.75
75176;Bryce Frye;23/05/1949;Martin PLC;Audit and Assurance;36560.14
241271;Heidi Rhodes;19/01/1965;Washington LLC;Environmental Health and Safety;82552.4
446123;Morgan Bennett;09/06/1948;Brown, Harper and Johnson;Treasury;65519.8
644974;Scott Ferrell;18/11/1933;Decker PLC;Database Management;68479.57
411867;Christine Snyder;02/09/1968;Davis, Snyder and Wright;Employee Relations;40659.97
563691;Eddie Ali;28/05/1961;Rocha, Zavala and Martinez;Corporate Strategy;28109.4
14632;Andrew Mejia;12/08/1963;Johnson, Anderson and Buchanan;Strategic Partnerships;48424.05
989167;Kyle Wilkins;17/11/2005;Smith, Mcdaniel and Novak;Infrastructure Management;14427.17
601797;Melinda Kelley;30/01/1962;Webb, Gonzalez and Coleman;Research and Development;66968.77
746472;Kristina Gonzalez;07/10/1978;Murphy-Green;Data Management;39990.99
348327;Andrew Clark;30/11/1933;Dunlap, Davis and Farrell;Administration;43994.84
991783;Christopher Merritt;02/10/1996;Stanley, Garcia and Glenn;Quality Assurance;62730.21
27290;Crystal Estrada;25/11/1964;Austin-Davis;Administration;59066.48
706924;Whitney Smith;17/04/1958;Walker LLC;Public Affairs;44075.81
809101;Dennis Young;12/07/1979;Compton and Sons;Market Expansion;42414.93
339030;Jennifer Graves;28/08/1980;Davenport Inc;Marketing;87261.67
57627;Vincent Osborn DDS;25/08/1928;Morrison, Bennett and Baker;Investor Relations;75321.05
703224;Kristen Bennett;14/09/1971;Gonzalez-Calderon;Internal Audit;10016.26
350760;Donna Carroll;19/07/1999;Krause-Coleman;Research and Innovation;5662.56
499896;Rachel Morgan;16/07/1965;Harris-Rivera;Customer Support;68163.56
369916;Vanessa Mcmahon;07/09/1981;Reed-Lee;Event Management;26328.69
502596;Andrew Koch;07/11/1913;Romero-Wilson;Legal Compliance;1866.5
405169;Denise Russo;19/12/1931;Stafford and Sons;Legal Compliance;12641.51
108903;Sally Hester;02/08/1975;Jones-Bailey;Risk Management;34525.14
64367;Taylor Richardson;24/04/1912;Garcia PLC;Event Management;22470.1
157751;Erica Mcpherson MD;03/04/2016;Lopez, White and Barnes;Accounting;73810.06
265286;Mr. Tommy Alvarado Jr.;11/06/1994;Francis-Foster;Information Security;63132.33
272669;Melissa Parker;10/09/1971;Taylor Ltd;Project Management;21120.86
315418;Morgan Day;06/02/1915;Johnson, Rhodes and Scott;Marketing;18268.6
627494;Lisa Burton;17/08/1914;Sullivan Group;Data Analytics;78862.34
138612;Tracy Cameron MD;14/06/1918;Calhoun, Scott and Hendrix;Legal Compliance;70242.21
574902;Curtis Turner;17/01/1984;Taylor-Terry;Enterprise Architecture;31212.82
330625;Jillian Smith;07/08/2018;Dunn Ltd;Supply Chain Management;87374.59
330059;Kenneth Brown;06/08/1966;Evans-Lopez;Supply Chain;16315.93
224299;Dennis Stone;30/09/1987;Ramos LLC;Customer Experience;26019.87
47431;Dominique Adams;29/10/2007;Ramos Ltd;Systems Engineering;83204.65
517590;Ashley Simmons;09/04/1971;Payne-Contreras;Finance;58326.96
992527;Colleen Smith;14/01/1955;Jordan, Frost and Weiss;Corporate Governance;34683.45
358451;Alexander Jordan;17/01/1941;Marquez, Johnson and Gordon;Strategic Sourcing;52599.44
636167;Kerri Ramirez;21/01/1914;Haas LLC;Financial Planning;29018.64
160322;Brandon Mcbride;22/05/1913;Morales LLC;Finance;73080.68
191558;Casey Simpson;01/04/1937;Vargas and Sons;Research and Development;4310.92
533190;Amanda Chandler;09/08/1954;Aguilar and Sons;Purchasing;66603.44
659913;Dr. Paul Rodriguez;27/01/1985;Palmer-Haney;Corporate Communications;64711.58
40923;Mr. Miguel Bell Jr.;03/07/1972;Wilson, Garcia and Walton;Regulatory Affairs;60753.94
14142;Mercedes Eaton;25/02/1925;Cook, Ramirez and Taylor;Employment Services;56192.13
45283;Paul Lawson;24/07/1983;Bishop, Hicks and Thompson;Audit and Assurance;33568.51
999612;Christine Barajas;20/03/2023;Graham and Sons;Strategic Partnerships;62674.87
130926;Ashley Hernandez;15/04/1996;Wright Ltd;Credit and Collections;51886.93
685436;Michael Taylor;21/08/1940;Gonzalez-Moran;Taxation;17678.73
372030;Heather Knox;23/02/1991;Robinson Group;Facilities Management;38103.24
990158;Sandra Klein;29/07/1940;Hawkins LLC;Product Management;44007.2
155982;Marcus Kent;13/07/1922;Taylor PLC;Marketing;26088.16
40120;Cynthia Hernandez;26/07/1949;Jones PLC;Technical Support;66652.43
790780;William Gray;21/04/1931;Thomas, Griffith and Howe;Information Services;83085.5
120861;Melissa Hicks;19/09/1921;Carter PLC;Supply Chain Management;24661.73
46538;Sherri Hudson;14/10/1991;Gomez, Brooks and Smith;Supply Chain Management;75976.84
31578;Jon Martin;26/07/2008;Murray LLC;Customer Experience;25684.34
496777;Heather Torres;01/09/1930;Kennedy Inc;Research and Development;58263.35
548469;Chad Maxwell;22/10/1944;Schaefer LLC;Human Resources;12012.2
296958;Eric Aguilar;16/11/1997;Harvey, Anderson and Padilla;Product Launch;83946.68
399851;Pamela Williams;25/02/1959;Cohen LLC;Strategic Planning;46419.11
767436;Jessica Gonzalez;26/02/2003;Chen LLC;Project Management;77211.93
223996;Rachel Skinner;22/07/2023;Randall Inc;Customer Experience;79003.81
569760;Colton Coleman;26/06/2015;Smith PLC;Corporate Communications;2071.13
44290;Timothy Nolan;01/10/2023;Berry, Johnson and Kerr;Brand Development;1252.88
247028;Harold Russo;30/03/1975;Mcconnell-Robles;Training and Development;62554.42
696655;Ryan Copeland;13/09/2001;Allen, Meyer and Cook;Business Development;19768.31
388355;Kim Garza;13/11/1954;Hughes, Powell and Bowers;Training and Development;74926.09
564574;Peter Fowler;26/01/2013;Rivas, Clark and Chung;Risk Management;23776.76
40309;Ethan Hunter;15/01/1938;Lee-Horne;Data Analytics;48754.39
812425;Kristopher Anderson;02/08/1994;Williams, Woods and Fernandez;Information Services;2451.71
162621;Alex Davis;12/01/1954;Rocha PLC;Brand Development;57785.6
252430;Mrs. Joan Larson;08/06/1912;Jones, Estrada and Martinez;Employment Services;64806.85
16023;Tina Clayton;15/06/1924;Lopez-Reyes;Customer Success;17436.4
521337;Amanda Thomas;18/06/1976;Wood-Conrad;Supply Chain;4333.23
799791;James Daniels;07/02/1984;Smith, Norton and Reynolds;Product Launch;77765.96
350673;James Owens;15/05/1927;Stanley, Miller and Webb;Public Affairs;76570.08
444121;Robert Pearson;21/09/1930;Coleman-Jackson;Supply Chain;65890.72
220317;Steven Moore;02/07/1990;Lopez, Vazquez and Smith;Event Management;60270.22
751342;Ryan Hall;13/09/1931;Houston, Bell and Mitchell;Information Technology;86718.77
240349;Christina Smith;06/07/1942;Cunningham-Ray;Database Management;52466.68
317412;Alan Bass;12/03/1999;Oliver Inc;Distribution;79041.6
9761;Justin Rivera;16/06/1930;Jones-Lopez;Audit and Assurance;64283.49
287499;Mr. Jim Tran;06/07/1915;Harris Group;Cybersecurity;29532.94
100332;Christopher Mitchell;07/04/1994;Wood-Villarreal;Innovation;84006.83
303218;Brian George;05/04/1915;Miller-Hardy;Manufacturing;53773.18
191910;Jennifer Avila;08/09/1997;Kennedy, Hunt and Simpson;International Business;52262.02
625740;Christopher Crawford;17/09/1997;Taylor, Waters and Austin;Corporate Training;2672.34
711722;Cristina Fletcher;04/10/1950;Joseph Ltd;Project Management;8785.73
154417;Randy Shaw;08/04/1980;Walker, Caldwell and Andersen;Marketing;60687.75
612928;Kiara Kim;23/03/1999;Castillo, Evans and Santiago;Public Relations;49860.89
771562;Christopher Hall;15/02/1981;Roberts LLC;Cybersecurity;52131.42
19195;Stephen Smith;16/09/1948;Barrett and Sons;Project Management;18503.75
148516;Crystal Hoffman;23/11/1986;Shaffer LLC;Research and Development;68269.82
48681;Madison Johnson;16/06/1931;Butler-Smith;Corporate Governance;38002.8
782124;Megan Stafford;04/09/1966;Roberts Inc;Customer Experience;41722.21
622768;Steven Johnson;01/09/2022;Brown, Hoffman and Phelps;Information Technology;41966.35
397854;Ricky Kelley;18/04/1932;Hunter, Davis and Webb;Audit and Assurance;29429.24
655216;Tom Murray;04/04/1943;Downs PLC;Investment Management;23305.89
160554;James Gibbs;21/05/1947;Nixon-Evans;Public Relations;56280.37
216528;Diana Miller;07/01/1916;White Group;Warehouse Management;78280.98
605370;Ashley Medina;03/11/1956;Martin-Hernandez;Employee Relations;16963.95
672279;Mr. Matthew Friedman;23/11/1968;Gonzalez, Morris and Jones;Engineering;64328.67
124760;Stefanie Thomas;22/09/1933;Russell LLC;Public Affairs;61342.08
952606;Christina Brady;08/10/1926;Powell-Giles;Hardware Development;21719.61
892041;David Nichols;29/04/1923;Smith, Stevenson and Smith;Product Management;81673.25
807332;Mark Patel;11/10/1962;Mitchell, Brown and Weaver;Procurement;87088.58
675404;Amy Wallace;12/12/1917;Stewart Ltd;Purchasing;44813.47
402869;Luis Williamson;05/10/1915;Chandler PLC;Employee Wellness;81621.18
341278;Bryan Hayes;26/10/2014;Ferrell Ltd;Finance;40147.4
146745;Kathleen Torres;08/01/1909;Freeman LLC;Business Process Improvement;47544.83
704203;Michelle Fowler;08/02/1991;Ortiz-Carroll;Information Services;20668.4
606205;Frank Richardson;21/07/1909;Fuentes-Dodson;Enterprise Architecture;34523.53
732771;Marisa Franco;15/02/1969;Hurley Group;Warehouse Management;72011.5
199941;Jacob Joseph;18/11/1974;Buckley LLC;Finance;9830.55
277466;Belinda Griffith;20/07/1939;Collins, Andrews and Rice;Quality Assurance;47998.38
839431;Christopher Wood;07/09/1995;Guzman LLC;Data Management;30135.81
541849;Jessica Henry;16/09/1930;Flores Group;Business Continuity;78559.84
890887;Jeremy Gaines;13/02/1992;Taylor and Sons;Training and Education;65124.4
777559;Patricia Randolph;16/12/1993;Larson, Scott and Kelley;Supply Chain Management;53298.33
418649;Curtis Williams;01/04/2007;Fischer Inc;Event Management;8528.87
771519;Derek Long;01/07/2012;Brown-Clark;Corporate Affairs;2755.03
632148;David Walker;10/07/1964;Marshall, Anderson and Mckee;Corporate Governance;84683.64
495330;Austin Bell;23/12/1908;Collins-Collins;Purchasing;76456.47
459884;Anna Waters;17/01/2021;Figueroa-Ellis;Policy and Planning;88056.71
465566;Michael Trujillo;30/03/1942;Wilson PLC;Brand Management;1801.4
291768;Stephanie Rivera;23/11/2002;Ho Inc;Legal Compliance;59994.7
193287;Philip Fitzpatrick;09/04/1947;Morse-Simmons;Purchasing;56918.14
915372;Matthew Richard;28/03/1934;Schwartz PLC;Information Security;44311.52
762068;Anthony Cruz;21/05/1946;Pearson, Johnston and Maldonado;Data Management;49202.19
91995;Jason Garcia;04/02/1933;Bryan-Ritter;Market Research;89975.43
549030;Charlotte Phelps;25/08/1991;Long-Meyer;Data Analytics;66109.52
722827;Vernon Howard;04/08/2003;Long-Bartlett;Employee Wellness;27494.62
818785;Anita Glover;06/06/1958;Russo-Payne;Environmental Health and Safety;9725.19
360089;Patrick Romero;04/05/1958;Conley, Schmitt and Thomas;Advertising;78325.61
735915;Jonathan Travis;06/01/1959;Ferguson LLC;International Business;7053.3
624440;Susan Stewart;18/12/2012;Sheppard, Pittman and Love;Systems Engineering;29116.72
213365;Ronald Smith;20/09/2001;Daugherty Ltd;Policy and Planning;49965.08
132900;Dr. Christopher Walker;12/02/1989;Hahn Inc;Corporate Social Responsibility;67415.75
901363;Tamara Williams;02/04/1950;Chen-May;Cybersecurity;7428.73
616387;Michael Mitchell;13/09/1978;Bennett-Castro;Investor Relations;12582.62
135264;Anna Gonzalez;27/05/1929;Castro-Chapman;Research and Innovation;24296.15
299976;David Rios;15/01/1977;Davis and Sons;Corporate Events;76549.41
399769;Adam Horn;17/04/1940;Henderson, Wilson and Diaz;Business Intelligence;75971.71
316703;Billy Kidd;08/06/1952;Hunt-Rogers;Corporate Strategy;24204.91
578520;Ryan Mendez DDS;10/09/1952;Thomas, Estrada and Thornton;Community Relations;59263.12
88733;Corey Castillo;27/07/1994;Warner, Miller and Guzman;Treasury;77070.49
267146;Joe Diaz;25/02/1959;Bass-King;Credit and Collections;22378.09
249709;Katelyn Jenkins;02/04/1991;Campbell-Tate;International Business;72676.61
283929;Stanley Martinez;22/02/1915;Haynes-Cherry;Market Expansion;63331.55
882125;Jeffery Cook;16/05/1938;Robinson, Johnson and Hansen;Taxation;36717.31
294671;Anthony Zimmerman;16/09/1911;Hart Inc;Sales;84293.56
213689;James Bates;21/10/2019;Garcia Ltd;Corporate Strategy;23425.58
854809;Patricia Gibson;21/12/1922;Delacruz-Torres;Office Management;89313.28
959645;Carlos Nguyen;29/03/1987;Harrison LLC;Investment Management;29844.55
624165;Felicia Ellis;10/12/1936;Perkins-Arellano;Corporate Events;86309.25
691994;George Holmes;14/03/2011;Baker-Eaton;Innovation;32111.88
845987;Kayla Miller;14/11/1935;Morgan and Sons;Environmental Health and Safety;16137.43
24483;Anna Welch;29/09/1950;Wagner-Greene;Corporate Communications;47193.73
438969;Ashley Morgan;11/12/1924;Brewer, Myers and Newman;Customer Experience;11296.72
34693;Jennifer Zuniga;21/10/1919;Fisher-Reed;Legal;84877.55
940310;Dr. Mary Golden;20/10/1933;Trujillo Ltd;Health and Safety;24311.78
347127;Stephen Barrett;10/01/1992;Jimenez, Thompson and Miller;Enterprise Architecture;3730.19
878889;Nathan Lewis;30/01/1915;Riggs-Young;Human Resources;2664.33
153855;Roger Esparza;23/11/2019;Powers, Daniels and Jones;Strategic Planning;38346.17
243089;Jodi Duncan;21/03/1920;Singleton-Barnes;Product Design;27591.59
639837;Thomas Tucker;19/04/2015;Stafford, Sullivan and Braun;Regulatory Affairs;29478.58
219730;Jennifer Olson;16/10/1983;Weber Inc;Public Relations;81632.88
212071;Dr. Mark Torres DVM;17/03/1959;Gill Inc;Data Analytics;52998.92
667313;Dylan Peters;14/12/1928;Austin Group;Environmental Health and Safety;83228.62
855994;Amanda Shaw;07/05/1914;Roth LLC;Environmental Health and Safety;17375.68
620188;Rachel Barnes;29/10/1919;Weaver Inc;Business Process Improvement;13899.53
372717;Julie Martinez;23/02/1912;Duncan, Walker and Caldwell;Taxation;26172.73
457915;Andrew Morales;11/10/1960;Campbell-Ellis;Facilities Management;71051.92
157356;Lauren Bentley;29/04/1908;Walker, Smith and Olsen;Office Management;2850.88
309632;Mr. Michael Lee;18/06/1985;Thornton-Becker;Data Management;81993.78
242212;Carol Olson;16/01/1956;Taylor, Rios and Floyd;Customer Experience;27557.65
45583;Hailey Ingram;11/03/1908;Miller-Ellis;Business Process Improvement;77188.92
894789;Charles Benson;28/02/1991;Vasquez, Sanders and Lewis;Credit and Collections;50407.96
620989;Shannon Miller;14/11/2020;Gilmore-Richards;Research and Innovation;49634.22
647525;Laura Johnson;08/03/1984;Velasquez-Thomas;Data Management;82270.81
508465;Timothy Carey;30/12/2015;Oconnor, Moore and Warren;Sales Operations;41074.14
273256;Alice Skinner;31/10/2010;Howard, Ho and Harris;Distribution;28248.68
630486;Juan Preston;03/09/1933;Lopez Ltd;Community Relations;17938.99
702121;Morgan Malone;10/08/1959;Arnold-Harris;Executive Office;45740.86
649073;Courtney Norris;05/04/2004;Roberts LLC;Quality Assurance;24101.37
337629;Thomas Powell;07/06/1984;Vance, Turner and Griffith;Research and Innovation;80534.18
923923;Kristin Reed MD;23/09/1931;Gross LLC;Organizational Development;58650.18
410498;Kimberly Brown;05/05/1992;Reyes-Young;International Business;76655.97
170065;Scott Lucero;05/08/1956;Jones Ltd;Treasury;32577.06
353468;John Delacruz;11/04/1965;Miles-Wright;Facilities Maintenance;28571.04
303515;James Anderson;27/10/1937;Wilson Group;Purchasing;7169.19
931280;Michael Taylor;28/12/1954;Jones LLC;Engineering;10711.84
598254;David Salazar;07/05/1927;Smith, Holloway and Fernandez;Data Management;76799.32
309812;Annette Estrada;30/05/1918;May-Carson;Financial Analysis;45616.88
860179;Jessica Gonzalez;06/10/1986;Flores Ltd;Training and Education;67759.7
911091;Courtney Garcia;13/06/1952;Kelly-Barrett;Business Continuity;4492.87
909559;Catherine Hines;13/10/1909;Jones-Price;Enterprise Risk Management;28822.87
953899;Jennifer Nelson;16/07/1919;Brown Group;Corporate Communications;39763.99
917247;Carlos Austin;28/04/1914;Allen LLC;Internal Audit;39272.11
632305;Steven Green;01/04/1911;Stein and Sons;Training and Development;71094.65
989435;Sarah Stone;13/06/1934;Roberts Inc;Sales;65699.58
901972;Catherine Anderson;22/01/2015;Hayes Group;Market Research;60630.98
791999;Eric Martinez;19/04/1929;Bridges, Aguirre and Bush;Business Development;65517.86
448208;Robin Tyler;19/07/1937;Doyle PLC;Information Services;36805.49
845045;Christopher Parker;29/08/1971;Campbell Inc;Product Management;85391.82
655247;Valerie Davies;18/07/1967;Jimenez Ltd;Office Management;59216.06
807630;Jason Parker;27/09/2010;Young, Bryant and Grant;Logistics;19529.07
870854;Craig Palmer DDS;20/12/1988;Johnson-Roberts;Financial Analysis;88759.42
968701;Gary Hurst;29/03/1946;Elliott-Crawford;Risk Management;49978.15
79447;Kimberly Thompson;11/11/1960;Rodriguez, Blankenship and Clark;Credit and Collections;54918.19
322229;Steven Hansen;03/11/2014;Sawyer-Dalton;Project Management;27224.67
441742;Kimberly Gregory;26/12/1912;Blake Inc;Sales Operations;79487.98
446371;Pamela Cruz;08/11/1963;Buckley-Larsen;Customer Experience;57958.19
958926;Amanda Miller;28/04/1992;Cooper-Mcgee;Executive Office;9862.08
793667;Kimberly Garcia;22/08/1955;Robinson-Matthews;Customer Success;37717.63
649270;Jennifer Collins;18/02/1959;Vargas-Wright;Customer Experience;21527.44
669304;Michael Silva;24/07/1936;Ray, Weiss and Parker;Audit and Assurance;61164.61
28695;Emily Lee;06/06/1936;Scott-Gonzalez;Customer Experience;76329.81
832286;Gina Aguilar;07/06/1936;Rodriguez, Woodward and Cox;Contracts Management;87936.32
404419;Jennifer Roach;06/04/1922;Andrade-Lopez;Executive Office;61159.97
538026;Sara Smith;28/10/1920;Mccarty, Osborne and Watson;Information Services;35272.53
15926;David Collier;09/06/1977;Herrera PLC;Public Affairs;24336.5
771825;Cindy Flores;18/01/1961;Flores-Johnson;Research and Innovation;47292.44
970753;Kenneth Bennett;29/08/1925;Douglas Inc;Investor Relations;21310.34
137246;Sara Jackson;08/10/1923;Bailey PLC;Research and Innovation;16272.54
540098;Jill Hodge;20/04/2005;Frazier Inc;Corporate Development;51011.7
698884;Julie Delgado;27/07/1973;Kelly PLC;Quality Control;64594.64
760241;Norma Vaughan;11/10/2023;Jones Ltd;Audit and Assurance;22476.69
634131;Carl Miller;28/05/1953;Christian-Lopez;Customer Success;49784.55
44112;William Jacobs;27/11/1964;Tanner-Mitchell;Manufacturing;60892.21
382151;Aaron Hernandez;30/03/1941;Walker, Payne and Williams;Legal Affairs;9061.42
595319;Kathleen Smith;19/06/2022;Coleman-Taylor;Treasury;45195.99
253019;Victoria Kelly;14/03/1967;Davis Inc;Product Design;51642.99
464024;Elizabeth Stewart;17/01/1958;Novak-Jones;Market Research;40367.43
694304;Todd Bauer;03/05/1948;Bowen, Davis and Robles;Finance;85112.95
648089;Pedro Collins;04/09/1950;Sanchez, Thompson and Morgan;Health and Safety;9356.31
561812;Thomas Williams;16/09/1925;Lloyd, Rocha and Robinson;Innovation;77006.28
639819;Leonard Collins;04/11/1938;Powers, Barry and Sanchez;Customer Experience;63394.19
35128;Jeffrey Charles;21/03/2019;Nelson, Dawson and Harris;Strategic Planning;20688.13
406797;Philip Beard;28/12/1987;Gould-Fritz;Market Expansion;56358.43
862452;Chad Hunter;27/08/2000;Grimes Ltd;Corporate Strategy;20138.18
587377;Brenda Rodriguez;23/03/1944;Kemp LLC;Employee Wellness;33089.79
118483;Jennifer Johnson;29/10/1985;Atkins PLC;Accounting;51026.32
962290;Bradley Ramirez;31/08/1942;Morales, Turner and Combs;Product Launch;7724.54
806586;Diana Bradley;05/08/1942;James, Eaton and Dean;Systems Engineering;7996.22
410060;William Gonzalez;17/01/1963;Mathis, Preston and Roman;Investor Relations;40327.08
775346;Gerald Dennis;12/02/1993;Harris and Sons;International Business;32538.09
798404;Franklin Vasquez;13/04/1920;Dyer-Johnson;Cybersecurity;66288.37
16738;Larry Jones;09/03/1950;Frazier, Medina and Morrison;Hardware Development;51959.71
462646;Nancy Carter;11/11/1913;Chavez-Medina;Accounting;48629.49
725635;Mary Wong;20/04/1914;Williams Ltd;Purchasing;55780.45
850886;Linda Acosta;14/01/1909;Horton Inc;Sales;31641.16
510155;Antonio Howell;05/09/1976;Shaffer, Ramirez and Thomas;Organizational Development;21498.86
503698;Lauren Chapman;06/02/2012;Nolan-Glenn;Technical Support;5295.41
970376;Donna Bailey;04/11/1971;Bishop Ltd;Customer Support;66325.89
717888;Jeremiah Williams;06/04/2015;Morton, Conner and Bartlett;Audit and Assurance;56052.31
340594;James Lewis;15/02/1981;Bridges-Martin;Project Management;56186.66
29296;Suzanne Johnson;29/09/1933;Jones, Heath and Chandler;Regulatory Affairs;4823.51
479409;Robert Edwards;08/08/2005;Moore Ltd;Software Development;30298.34
641011;Evan Newman;08/03/1946;Ward-Keller;Legal Affairs;42770.78
497606;Yolanda Porter;20/09/1921;Norman, Byrd and Harvey;Enterprise Risk Management;1841.11
274015;Justin Coleman;06/02/1917;Harrison, Mccormick and Mccullough;Customer Success;78457.13
777719;David Ferguson;04/08/2013;Robinson, King and Snyder;Corporate Events;8952.94
508;Bruce Weaver;30/11/1951;Munoz, Arnold and Bush;Enterprise Architecture;57675.61
685310;Casey Dunn;16/07/1935;Wong-Carter;Data Analytics;49823.58
707660;Angel Scott;19/08/1932;Gonzalez Ltd;Database Management;15809.74
741509;Taylor Greer;26/01/1987;Hunter, Walker and Hughes;Legal;31566.46
517395;Melissa Barnes;18/03/1952;Parrish, Wright and Price;Information Security;34432.84
333671;Karen Daugherty;14/05/2018;Phillips, Price and Rodriguez;Research and Innovation;68141.23
230543;Megan Williams;10/05/1975;Garcia Group;Audit and Assurance;32708.97
28637;Jessica Stark;14/12/1949;Nelson, Mitchell and Hunter;Training and Education;61058.88
631180;Kenneth Taylor;22/06/1933;Holmes-Garza;Corporate Affairs;31188.46
212432;Jeffery Branch;08/04/2011;Nixon, Cannon and Avila;Health and Safety;2958.02
666081;Mark Hawkins MD;21/05/1988;Collins PLC;Marketing;33929.33
456611;Jessica Mendez;02/06/1975;Jones-Torres;Learning and Development;44223.32
297738;David Mcgee;10/07/2022;Conway-Kim;Legal Affairs;89435.76
399650;Richard Glass;16/08/1970;Hamilton LLC;Data Management;59261.2
825230;Jonathan Smith;10/11/2010;Greene, Wilson and Wilkerson;Policy and Planning;22533.36
243891;Lauren Barker;22/10/1923;Aguirre-Chavez;Procurement;41486.04
523524;Jim Martin;23/07/2013;Morgan-Mata;Legal Affairs;73490.4
328860;Robert Peterson;18/08/1995;Horn-Lopez;Business Development;7357.46
722332;Xavier Knight;11/12/1972;Perez-Wheeler;Legal;55571.26
703345;Kayla Fowler;20/05/1985;Mendez, Ayala and Lee;Legal;13897.07
266270;Robert Baldwin;07/08/1923;Brown-Simpson;Business Intelligence;76455.92
750183;Virginia Sutton;16/08/2003;Jimenez Inc;Executive Office;25907.35
27210;David Hester;05/07/1967;Gibson, Taylor and Steele;Public Relations;83590.8
681251;Katherine Johnson;18/02/2001;Greene Inc;Executive Office;20182.43
121989;Justin Jackson;14/05/1964;Nelson-Kemp;Procurement;16669.41
985472;Brent Allen;29/09/1961;Woods LLC;Data Analytics;29889.67
123956;George Kelley;23/01/2006;Bryant, Gardner and Williams;Health and Safety;70648.67
35989;Robert Jones;14/12/2013;Stevens, Smith and Dougherty;Strategic Sourcing;51193.84
578061;Douglas Moore;02/02/1995;Pugh, Richardson and Schmidt;Policy and Planning;44930.37
189644;Kyle Ferguson;19/04/2021;Ellis LLC;Customer Support;81243.62
71016;Chelsea Page;01/03/2017;Johnson, Fuller and Townsend;Employee Relations;28551.05
938124;Keith Martin;14/04/1999;Flores-Martin;Treasury;59281.2
591966;Jessica Foster;07/10/1998;Landry and Sons;Product Design;82264.32
400861;Jonathan Franklin;25/08/1927;Andrade-Ritter;Business Intelligence;10202.19
580757;Richard Johnson;24/02/1975;Curtis-Sanchez;Taxation;56655.74
417096;Mr. Benjamin Hurst;15/11/2002;Curry-Morgan;Purchasing;69006.83
829025;Tiffany Kelly;07/07/1997;Gordon, Hutchinson and Wood;Administration;57079.82
910079;Susan Hardy;29/11/1926;Brock Group;Warehouse Management;18412.04
455604;Lynn Pacheco;20/04/1991;Martin PLC;Warehouse Management;35110.18
213836;Christopher Hill;21/08/1936;Martinez, Pearson and Cisneros;Logistics;30514.53
963656;Anna Martin;02/07/1941;Paul, Robertson and Jordan;Project Management;17076.49
747582;Lindsey Castillo;09/04/1979;Bartlett-Miller;Systems Engineering;61894.46
331690;Robert Kirby;09/11/1950;Black-Webster;Business Process Improvement;2630.51
524196;Nicole Tucker;01/09/1910;Shelton-Brady;International Operations;51736.79
